(no author) = Douglas Gregor <doug.gregor@gmail.com>
aaron_windsor = Aaron Windsor <aaron.windsor@gmail.com>
aberge = Agustín K-ballo Bergé <kaballo86@hotmail.com>
abrahams = Dave Abrahams <dave@boostpro.com>
aconstantine = Al Constantine Ashford <constantine@aconstantine.net>
adams = Adam Smith <unfactorable.polynomial@gmail.com>
agarrett = Aaron Garrett <aaron.lee.garrett@gmail.com>
agurtovoy = Aleksey Gurtovoy <agurtovoy@meta-comm.com>
ahundt = Andrew Hundt <athundt@gmail.com>
akalin = Frederick Akalin <akalin@akalin.cx>
alejandro = Alejandro Cabrera <cpp.cabrera@gmail.com>
aliazarbayejani = Ali J. Azarbayejani <blaze@firetemple.com>
alisdairm27386 = Alisdair Meredith <alisdairm@me.com>
alkise = Alkis Evlogimenos <alkis@routescience.com>
alnsn = Alexander Nasonov <alnsn@yandex.ru>
alpmestan = Alp Mestanogullari <alp@mestan.fr>
amduser = Alexander Haro <amduser29@gmail.com>
andre.bergner = André Bergner <andre.bergner.0@googlemail.com>
andreas.donni = Andreas Donni <andreas.donni@users.sf.net>
andreas_huber69 = Andreas Huber <ahd6974-boostorg@live.com>
andreo = Andrey Torba <andreytorba@gmail.com>
andysem = Andrey Semashev <andrey.semashev@gmail.com>
ankitdaf = Ankit Daftery <ankitdaf@gmail.com>
anthonyw = Anthony Williams <anthony.ajw@gmail.com>
apolukhin = Antony Polukhin <antoshkka@gmail.com>
artyom = Artyom Beilis <artyomtnk@yahoo.com>
asundman = Anders Sundman <sundman.anders@gmail.com>
asutton = Andrew Sutton <andrew.n.sutton@gmail.com>
asydorchuk = Andrii Sydorchuk <sydorchuk.andriy@gmail.com>
atompkins = Andy Tompkins <atompkins@fastmail.fm>
awulkiew = Adam Wulkiewicz <adam.wulkiewicz@gmail.com>
az_sw_dude = Jeff Garland <jeff@crystalclearsoftware.com>
baraclese = Kevin Sopp <baraclese@googlemail.com>
barendgehrels = Barend Gehrels <barend@xs4all.nl>
bartholomule = Kevin Harris <bartholomule@gmail.com>
bbartman = Brian Bartman <bbartmanboost@gmail.com>
beman = Beman Dawes <bdawes@acm.org>
beman_dawes = Beman Dawes <bdawes@acm.org>
bemandawes = Beman Dawes <bdawes@acm.org>
ben_hanson = Ben Hanson <jamin.hanson@googlemail.com>
bensobotta = Benjamin Sobotta <ben@zwopi.com>
bernhard.reiter = Bernhard Reiter <ockham@gmx.net>
bernhard_reiter = Bernhard Reiter <ockham@gmx.net>
bgreen = Bryan Green <bgreen0@gmail.com>
bgubenko = Boris Gubenko <boris.gubenko@hp.com>
bhy = Haoyu Bai <divinekid@gmail.com>
bigcheese = Michael Spencer <bigcheesegs@gmail.com>
bill_buklis = Bill Buklis <boostusr@pbjzone.com>
bill_kempf = William E. Kempf <wekempf@cox.net>
biochimia = João Abecasis <joao@abecasis.name>
birbacher = Frank Birbacher <bloodymir.crap@gmx.net>
bjorn_karlsson = Björn Karlsson <Bjorn.Karlsson@readsoft.com>
blindberg = Björn Lindberg <bjoern.lindberg@gmail.com>
blq = Fredrik Blomqvist <fredrik_blomqvist@home.se>
bms = Bruce Simpson <bms@incunabulum.net>
bobwalters = Bob Walters <bob.s.walters@gmail.com>
boeschf = Fabian Bösch <boeschf@student.ethz.ch>
boost_admin = Boost Administrator <boost_admin@users.sourceforge.net>
bpeabody = Brock Peabody <brock.peabody@gmail.com>
brandon.kohn = Brandon Kohn <blkohn@hotmail.com>
brett_calcott = Brett Calcott <brett.calcott@gmail.com>
brian.smith = Brian Smith <bjs3141@gmail.com>
bronf = Frédéric Bron <frederic.bron@m4x.org>
brook = Brook Milligan <brook@biology.nmsu.edu>
bruno.lalande = Bruno Lalande <bruno.lalande@gmail.com>
bschaeling = Boris Schaeling <boris@highscore.de>
burbelgruff = Peder Holt <peder.holt@gmail.com>
carlos_p_coelho = Carlos Pinto Coelho <cfspc@yahoo.com>
cepstein = Caleb Epstein <boost-bklyn@sneakemail.com>
cgc = Christopher Currie <christopher@currie.com>
chadnelson = Chad Nelson <chad.thecomfychair@gmail.com>
chenderson = Craig Henderson <cdm.henderson@googlemail.com>
chenry = Christophe Henry <christophe.j.henry@googlemail.com>
chhenning = Christian Henning <chhenning@gmail.com>
chintanraoh = Chintan Rao H <chintanraoh@gmail.com>
chris_hite = Christopher Hite <c.hite@rtsgroup.net>
chris_kohlhoff = Christopher Kohlhoff <chris@kohlhoff.com>
chrisj = Christopher Jefferson <chris@bubblescope.net>
christopher_kormanyos = Christopher Kormanyos <e_float@yahoo.com>
cmb537 = cbarrron <cmb537@users.sourceforge.net>
cnewbold = Chris Newbold <chris.newbold@mathworks.com>
comocomocomo = Martin Knoblauch Revuelta <mkrevuelta@gmail.com>
cornedbee = Sebastian Redl <sebastian.redl@getdesigned.at>
cpdaniel = Carl Daniel <cpdaniel@mvps.org>
cppljevans = Larry Joe Evans <cppljevans@suddenlink.net>
crowl = Lawrence Crowl <Lawrence@crowl.org>
cschladetsch = Christian Schladetsch <christian.schladetsch@gmail.com>
cschmidt = Christopher Schmidt <mr.chr.schmidt@online.de>
cslittle = Chris Little <cslittle@mac.com>
cwagner = Christopher Wagner <c.alexander.wagner@gmail.com>
dan_marsden = Dan Marsden <danmarsden@yahoo.co.uk>
daniel = Daniel James <daniel@calamity.org.uk>
daniel_egloff = Daniel Egloff <daniel.egloff@hispeed.ch>
daniel_frey = Daniel Frey <d.frey@gmx.de>
daniel_wallin = Daniel Wallin <daniel@boostpro.com>
danieljames = Daniel James <daniel@calamity.org.uk>
danielw = Daniel Wallin <daniel@boostpro.com>
danmarsden = Dan Marsden <danmarsden@yahoo.co.uk>
dannyh = Danny Havenith <dh.github.com@havenith.net>
darinadler = Darin Adler <darin@bentspoon.com>
das_g = Raphael Das Gupta <svn.boost.org@raphael.dasgupta.ch>
dave = Dave Abrahams <dave@boostpro.com>
davedeakins = David Deakins <DavidDeakins@gmail.com>
daveedvdv = Daveed Vandevoorde <daveed@vandevoorde.com>
david.bellot = David Bellot <david.bellot@gmail.com>
david_abrahams = Dave Abrahams <dave@boostpro.com>
davidheld = David B. Held <dheld@codelogicconsulting.com>
dbarbosa = Davi de Melo Jorge Barbosa <dbarbosa@gmail.com>
denis.arnaud = Denis Arnaud <denis.arnaud_boost@m4x.org>
dfrey42 = Daniel Frey <d.frey@gmx.de>
dgregor = Douglas Gregor <doug.gregor@gmail.com>
diemumiee = Andreas Pokorny <andreas.pokorny@gmail.com>
dirkgerrits = Dirk Gerrits <dirk.gerrits@gmail.com>
djenkins = David Jenkins <david@jenkins.net>
djowel = Joel de Guzman <djowel@gmail.com>
djwalker = Daniel Walker <daniel.j.walker@gmail.com>
dlwalker = Daryle Walker <dwalker07@yahoo.com>
donginn = DongInn Kim <dikim@osl.iu.edu>
dramatec = Jim Douglas <jim@dramatec.co.uk>
drrngrvy = Darren Garvey <darren.garvey@gmail.com>
dshevchenko = Denis Shevchenko <for.dshevchenko@gmail.com>
e_r = Erwann Rogard <erwann.rogard@gmail.com>
ebf = Eric Friedman <ebf@users.sourceforge.net>
eckhardt = Ulrich Eckhardt <doomster@knuut.de>
edupuis = Étienne Dupuis <svart.riddare@gmail.com>
eldiener = Edward Diener <eldiener@tropicsoft.com>
emildotchevski = Emil Dotchevski <emil@revergestudios.com>
emmorrisonjr = Edward M. Morrison, Jr. <emmorrisonjr@yahoo.com>
endecotp = Phil Endecott <phil_jkrda_endecott@chezphil.org>
eric = Eric Jennings <eric@users.sf.net>
eric_niebler = Eric Niebler <eric@boostpro.com>
esteve = Esteve Fernandez <esteve.fernandez@gmail.com>
eugene_wee = Eugene Wee <crystalrecursion@gmail.com>
expaler = Cromwell D. Enage <sponage@yahoo.com>
fbarel = François Barel <frabar666@gmail.com>
fcacciola = Fernando Cacciola <fernando.cacciola@gmail.com>
federico.j.fernandez = Federico J Fernandez <federico.fernandez@gmail.com>
fkonvick = Filip Konvička <filip.konvicka@logis.cz>
fmhess = Frank Mori Hess <fmh6jj@gmail.com>
fotanus = Felipe de Oliveira Tanus <fotanus@gmail.com>
franzalt = Franz Alt <F.Alt@gmx.net>
ganssauge = Gottfried Ganßauge <gottfried.ganssauge@haufe.de>
garcia = Ronald Garcia <rxg@cs.ubc.ca>
gcracker = Graham Price <graham@grahamdprice.com>
gennaro_prota = Gennaro Prota <gennaro.prota@gmail.com>
gerickson = Grant Erickson <gerickson@nuovations.com>
giovanni.deretta = Giovanni Deretta <gpderetta@gmail.com>
giovannibajo = Giovanni Bajo <giovannibajo@libero.it>
glassfordm = Michael Glassford <glassfordm@hotmail.com>
glenfe = Glen Fernandes <glenfe@live.com>
glynos = Glyn Matthews <glyn.matthews@gmail.com>
gmelquio = Guillaume Melquiond <guillaume.melquiond@gmail.com>
gordon.woodhull = Gordon Woodhull <gordon@woodhull.com>
grafik = Rene Rivera <grafikrobot@gmail.com>
guwi17 = Gunter Winkler <guwi17@gmx.de>
gwpowell = Gary Powell <gwpowell@gmail.com>
hboehm = Hans-J. Boehm <hans.boehm@hp.com>
helge.bahmann = Helge Bahmann <hcb@chaoticmind.net>
hervebronnimann = Hervé Brönnimann <hervebronnimann@mac.com>
hevad57 = David Hawkes <hevad57@users.sourceforge.net>
hinnant = Howard Hinnant <hinnant@twcny.rr.com>
hkaiser = Hartmut Kaiser <hartmut.kaiser@gmail.com>
hljin = Hailin Jin <hljin@adobe.com>
hnaik = Harish G Naik <hnaik@riglabs.com>
hubert_holin = Hubert Holin <Hubert.Holin@lmd.polytechnique.fr>
hughwimberly = Hugh Wimberly <hugh.wimberly@gmail.com>
hugoduncan = Hugo Duncan <hugo.duncan@alcan.com>
huseyinakcan = Huseyin Akcan <huseyinakcan@gmail.com>
igaztanaga = Ion Gaztañaga <igaztanaga@gmail.com>
imaman = Itay Maman <itay_maman@yahoo.com>
imikejackson = Michael A. Jackson <mike.jackson@bluequartz.net>
jakevoytko = Jacob Voytko <JakeVoytko@gmail.com>
james.widman = James Widman <widman@gimpel.com>
jan_langer = Jan Langer <jan.langer@etit.tu-chemnitz.de>
jano_gaspar = Jan Gaspar <jano_gaspar@yahoo.com>
jared = Jared McIntyre <jmcintyre@dfsoftware.com>
jbandela = John R. Bandela <jbandela@ufl.edu>
jbosch = Jim Bosch <talljimbo@gmail.com>
jbrandmeyer = Jonathan Brandmeyer <jbrandmeyer@earthlink.net>
jczerk = John Czerkowicz <jczerk@earthlink.net>
jdmoore99 = John D. Moore <jdmoore99@users.sourceforge.net>
jefffaust = Jeffrey Faust <jeff@opticalres.com>
jeffflinn = Jeff Flinn <TriumphSprint2000@hotmail.com>
jeffrey.hellrung = Jeffrey Lee Hellrung, Jr. <jeffrey.hellrung@gmail.com>
jeremypack = Jeremy Pack <oryol@google.com>
jerrydy = Jerry Dy <jd2419@sbc.com>
jesse = Jesse Williamson <jesse@mind.net>
jewillco = Jeremiah Willcock <jewillco@osl.iu.edu>
jfalcou = Joel Falcou <joel.falcou@lri.fr>
jfranklin = Jonathan Franklin <franklin.jonathan@gmail.com>
jgottschlich = Justin Gottschlich <justin@nodeka.com>
jhunold = Jürgen Hunold <jhunold@gmx.eu>
jimb = Jim Bell <Jim@JC-Bell.com>
jlconlin = Jeremy Conlin <jlconlin@umich.edu>
jll = Jean-Louis Leroy <jl@yorel.be>
jmaurer = Jens Maurer <jens.maurer@gmx.net>
jmmv = Julio Merino <julio+github@meroh.net>
jmoeller = John Moeller <fishcorn@gmail.com>
joaquin = Joaquín M López Muñoz <joaquin@tid.es>
joaquintides = Joaquín M. López Muñoz <joaquin@tid.es>
joerg_walter = Jörg Walter <jhr.walter@t-online.de>
joernu76 = Joern Ungermann <j.ungermann@fz-juelich.de>
jofaber = Joachim Faulhaber <afojgo@gmail.com>
johan_torp = Johan Torp <johan.torp@gmail.com>
john.maddock = John Maddock <john@johnmaddock.co.uk>
john_phillips = John Phillips <phillips@mps.ohio-state.edu>
johnmaddock = John Maddock <john@johnmaddock.co.uk>
jonkalb = Jon Kalb <jon@kalbweb.com>
joseph.gauterin = Joseph Gauterin <joseph.gauterin@googlemail.com>
jsiek = Jeremy Siek <jeremy.siek@gmail.com>
jsuter = Jaap Suter <boost@jaapsuter.com>
jtorjo = John Torjo <john.groups@torjo.com>
jurko = Jurko Gospodnetić <jurko.gospodnetic@pke.hr>
kaalus = Marcin Kalicinski <kalita@poczta.onet.pl>
karlmeerbergen = Karl Meerbergen <karl.meerbergen@cs.kuleuven.be>
karsten = Karsten Ahnert <karsten.ahnert@gmx.de>
kevlin = Kevlin Henney <kevlin@curbralan.com>
kieliszczyk = Pawel Kieliszczyk <lord.zerom1nd@gmail.com>
kimscheibel = Kim Scheibel <kim@scheibel.co.uk>
kirit = Kirit Sælensminde <kirit@kirit.com>
klimpel = Thomas Klimpel <thomas.klimpel@gmx.de>
krishna.achuthan = Krishna Achuthan <krishna.achuthan@gmail.com>
ktchan = Katie Chan <ktc@ktchan.info>
kyriales = Kresimir Fresl <fresl@grad.hr>
lakeeast = Yuanming Chen <yuanming@gmail.com>
lally.singh = Lally Singh <lally.singh@gmail.com>
latte = Andy Elvey <andy.elvey@paradise.net.nz>
lbourdev = Lubomir Bourdev <lbourdev@adobe.com>
lcaminiti = Lorenzo Caminiti <lorcaminiti@gmail.com>
ljsimons = Luke Simonson <simoluk@gmail.com>
llee1 = Lie-Quan Lee <liequan@slac.stanford.edu>
loonycyborg = Sergey Popov <loonycyborg@gmail.com>
lopezeant = Michael Lopez <mlopez7@kent.edu>
loyso = Alexey Baskakov <loyso@loyso.m6.net>
manitou = Marc Wintermantel <marc.wintermantel@imes.mavt.ethz.ch>
marccromme = Marc Cromme <marc@ange.dk>
mariomulansky = Mario Mulansky <mario.mulansky@gmx.net>
mark_rodgers = Mark Rodgers <mark.rodgers@cadenza.co.nz>
markus_werle = Markus Werle <numerical.simulation@web.de>
marshall = Marshall Clow <marshall@idio.com>
martin_wille = Martin Wille <mw8329@yahoo.com.au>
mathiaskoch = Mathias Koch <mathiaskoch@users.sourceforge.net>
matias = Matias Capeletto <matias.capeletto@gmail.com>
matias.capeletto = Matias Capeletto <matias.capeletto@gmail.com>
matiascape = Matias Capeletto <matias.capeletto@gmail.com>
matt_calabrese = Matthew Calabrese <rivorus@gmail.com>
matthew.calabrese = Matthew Calabrese <rivorus@gmail.com>
matthiasschabel = Matthias Schabel <boost@schabel-family.org>
matus.chochlik = Matus Chochlik <chochlik@gmail.com>
maxime2 = Maxim Yegorushkin <maxim.yegorushkin@gmail.com>
mbergal = Misha Bergal <mbergal@meta-comm.com>
mcecchetti = Marco Cecchetti <mrcekets@gmail.com>
mclow = Marshall Clow <marshall@idio.com>
mconsoni = Mariano Gabriel Consoni <mariano.consoni@gmail.com>
memring = Pavol Droba <droba@topmail.sk>
mgaunard = Mathias Gaunard <loufoque@gmail.com>
michel = Michel Morin <mimomorin@gmail.com>
michel_andre = Michel André <michel.andre@swipnet.se>
mikhailberis = Dean Michael Berris <mikhailberis@gmail.com>
mistevens = Michael Stevens <mail@michael-stevens.de>
mjcaisse = Michael Caisse <mcaisse@ciere.com>
mloskot = Mateusz Loskot <mateusz@loskot.net>
mmarcus = Mat Marcus <mmarcus@emarcus.org>
mmurrett = Mac Murrett <mmurrett@mac.com>
mrdans = Dan Searles <dansearles@yahoo.com>
mrovner = Mike Rovner <mike@bindkey.com>
msclrhd = Reece H. Dunn <msclrhd@hotmail.com>
msimbirsky = Michael Simbirsky <michael.simbirsky@gmail.com>
mstefanro = Stefan Mihaila <mstefanro@gmail.com>
mumiee = Andreas Pokorny <andreas.pokorny@gmail.com>
murilov = Murilo Adriano Vasconcelos <muriloufg@gmail.com>
nasonov = Alexander Nasonov <alexander.nasonov@gmail.com>
nathanridge = Nathan Ridge <zeratul976@hotmail.com>
nbecker = Neal D. Becker <ndbecker2@gmail.com>
ned14 = Niall Douglas <s_sourceforge@nedprod.com>
neilgroves = Neil Groves <neil@grovescomputing.com>
nesotto = Thorsten Jørgen Ottosen <thorsten.ottosen@gmail.com>
ngedmond = Nicholas Edmonds <ngedmond@cs.indiana.edu>
nickstoughton = Nick Stoughton <nick@usenix.org>
nicoddemus = Bruno da Silva de Oliveira <nicodemus@esss.com.br>
niels_dekker = Niels Dekker <nielsdekker@xs4all.nl>
nielsdekker = Niels Dekker <nielsdekker@xs4all.nl>
nikiml = Nikolay Mladenov <nikolay.mladenov@gmail.com>
nimnul = Andrey Melnikov <melnikov@simplexsoft.com>
nksauter = Nicholas K. Sauter <nksauter@lbl.gov>
nliber = Nevin ":-)" Liber <nevin@eviloverlord.com>
nmotgi = Nitin Jeevan Motgi <nitin.motgi@gmail.com>
nmusatti = Nicola Musatti <nicola.musatti@gmail.com>
no-maintainer = No Maintainer <boost-no-maintainer@idio.com>
noel_belcourt = K. Noel Belcourt <kbelco@sandia.gov>
nuffer = Daniel Nuffer <dan-boost@nuffer.name>
olli = Oliver Kowalke <oliver.kowalke@gmail.com>
pan = Pierre-Andre Noel <noel.pierre.andre@gmail.com>
paolog = Paul Giaccone <paulg@cinesite.co.uk>
pavol_droba = Pavol Droba <droba@topmail.sk>
pbouchard = Phil Bouchard <phil@fornux.com>
pbristow = Paul A. Bristow <pbristow@hetp.u-net.com>
pdimov = Peter Dimov <pdimov@pdimov.com>
pedro_ferreira = Pedro Ferreira <pedro.ferreira@mog-solutions.com>
peti = Peter Simons <simons@cryp.to>
pfg23 = Philip Garofalo <philg@vavatini.com>
pgarofalo = Philip Garofalo <philg@vavatini.com>
phorgan1 = Patrick Horgan <phorgan1@yahoo.com>
pjfoley = Peter Foley <peter@ifoley.id.au>
pmenso57 = Paul Mensonides <pmenso57@comcast.net>
porterj = Jim Porter <porterj@alum.rit.edu>
psiha = Domagoj Saric <psiha@psiha.org>
purplekarrot = Daniel Pfeifer <daniel@pfeifer-mail.de>
pvozenilek = Pavel Vozenilek <pavel_vozenilek@hotmail.com>
qrng = Justinas Vygintas Daugmaudis <jvd@tja.lt>
raila = David Raila <raila@illinois.edu>
ramey = Robert Ramey <ramey@rrsd.com>
rani_sharoni = Rani Sharoni <rani_sharoni@hotmail.com>
raoulgough = Raoul Gough <RaoulGough@yahoo.co.uk>
ravi = Ravikiran Rajagopal <lists_ravi@lavabit.com>
rayfix = Ray Fix <rayfix@gmail.com>
redi = Jonathan Wakely <boost@kayari.org>
rene = Rene Preusker <rene@users.sf.net>
reportbase = Tom Brinkman <reportbase@gmail.com>
reportbase2004 = Tom Brinkman <reportbase@gmail.com>
rgarcia = Ronald Garcia <rxg@cs.ubc.ca>
rgoyder = Russell Goyder <russell@goyder.org>
rkawulak = Robert Kawulak <robert.kawulak@gmail.com>
rob = Robert Stewart <robertstewart@comcast.net>
rogeeff = Gennadiy Rozental <rogeeff@gmail.com>
root = Boost Administrator <boost_admin@users.sourceforge.net>
rr74 = Roland Richter <roland.richter@jku.at>
ruediger_hanke = Ruediger Hanke <tj1249@talesofbeauty.de>
rutger = Rutger ter Borg <rutger@terborg.net>
rwgk = Ralf W. Grosse-Kunstleve <rwgk@yahoo.com>
s.gautam = Gautam Sewani <gautamcool88@gmail.com>
s_ochsenknecht = Sascha Ochsenknecht <s.ochsenknecht@googlemail.com>
samuel_k = Samuel Krempp <krempp@crans.ens-cachan.fr>
samuel_krempp = Samuel Krempp <Samuel.Krempp@crans.org>
schoedl = Arno Schoedl <aschoedl@think-cell.com>
schoepflin = Markus Schöpflin <markus.schoepflin@comsoft.de>
sdiederich = Stephan Diederich <stephan.diederich@googlemail.com>
shammah = Stephen Cleary <scleary@jerviswebb.com>
siliconman = David Dean <david.dean@codegear.com>
simons = Peter Simons <simons@cryp.to>
sixtrillion = Jeremy <sixtrillion@users.sf.net>
skelly = Stephen Kelly <steveire@gmail.com>
sl_ = Slawomir Lisznianski <sl@paramay.com>
slapi = Stefan Slapeta <stefan@slapeta.com>
smcmurray = Scott McMurray <me22.ca+boost@gmail.com>
softwareace = Andreas Haberstroh <andreas@ibusy.com>
sohail = Sohail Somani <sohail@taggedtype.net>
speedsnail = Roland Schwarz <roland.schwarz@blackspace.at>
spr_talk = Sanjay Rane <sanjayrane@hotmail.com>
srajko = Stjepan Rajko <stipe@asu.edu>
stefan = Stefan Seefeld <stefan@seefeld.name>
stefans = Stefan Strasser <strasser@uni-bremen.de>
stephan.diederich = Stephan Diederich <stephan.diederich@googlemail.com>
steven_watanabe = Steven Watanabe <steven@providere-consulting.com>
straszheim = Troy D. Straszheim <troy@resophonic.com>
studoot = Stuart Dootson <stuart.dootson@gmail.com>
surerb = Unknown <surerb@users.sf.net>
syl = Sylvain Pion <pion.sylvain@gmail.com>
t_schwinger = Tobias Schwinger <tschwinger@isonews2.com>
t_stange = Unknown <t_stange@users.sf.net>
thejcab = Juan Carlos Arevalo-Baeza <jcab@JCABs-Rumblings.com>
theller = Thomas Heller <thom.heller@googlemail.com>
thijs = Thijs van den Berg <thijs@sitmo.com>
tibuleac.ioana = Unknown <tibuleac.ioana@users.sf.net>
timblechmann = Tim Blechmann <tim@klingt.org>
tknapen = Toon Knapen <toon.knapen@gmail.com>
tobias.loew = Tobias Loew <tobi@die-loews.de>
trademark = Talbot Pierre <ptalbot@mopong.net>
trisk = Albert Lee <trisk@forkgnu.org>
troy = Troy D. Straszheim <troy@resophonic.com>
troyer = Matthias Troyer <troyer@phys.ethz.ch>
tslettebo = Terje Slettebø <tslettebo@broadpark.no>
turkanis = Jonathan Turkanis <j@coderage.com>
tzlaine = Timothy Zachary Laine <whatwasthataddress@gmail.com>
uid30600 = uid30600 <uid30600@boost.org>
uid30850 = uid30850 <uid30850@boost.org>
ullrich_koethe = Ullrich Köthe <ullrich.koethe@iwr.uni-heidelberg.de>
urzuga = Jaakko Järvi <jarvi@cs.tamu.edu>
vawjr = Victor A. Wagner Jr. <vwagner@tetondata.com>
venet = Cédric Venet <cedric.venet@student.ecp.fr>
vertleyb = Arkadiy Vertleyb <vertleyb@hotmail.com>
vesa_karvonen = Vesa Karvonen <vesa.karvonen@housemarque.fi>
vexocide = Jeroen Habraken <vexocide@gmail.com>
viboes = Vicente J. Botet Escriba <vicente.botet@wanadoo.fr>
vladimir_prus = Vladimir Prus <ghost@cs.msu.su>
wash = Bryce Adelstein-Lelbach <blelbach@cct.lsu.edu>
witt = Thomas Witt <witt@acm.org>
wom-work = Ben Hutchings <ben@decadentplace.org.uk>
xiaogang.zhang = Xiaogang Zhang <xiaogang.zhang@users.sf.net>
xushiwei = xushiwei <xushiweizh@gmail.com>
yigongliu = Yigong Liu <yigongliu@gmail.com>
youjamaa = Youssef Oujamaa <youssef.oujamaa@gmail.com>
yuanming = Yuanming Chen <yuanming@gmail.com>
yupeng = Peng Yu <pengyu.ut@gmail.com>
zeux = Arseny Kapoulkine <arseny.kapoulkine@gmail.com>
